sample_name	bioproject_accession	organism	isolate	breed	age	sex	replicate	tissue
CN51_C2_1	PRJNA481056	Mus musculus	765	B6SJLSOD1-WT	p70	female	CN51_C2_1	spinal cord
CN51_C2_2	PRJNA481056	Mus musculus	794	B6SJLSOD1-G93A	p70	female	CN51_C2_2	spinal cord
L6CN51_E1_1	PRJNA481056	Mus musculus	765	B6SJLSOD1-WT	p70	female	L6CN51_E1_1	spinal cord
L6CN51_E1_2	PRJNA481056	Mus musculus	794	B6SJLSOD1-G93A	p70	female	L6CN51_E1_2	spinal cord
L6CN51_E2_1	PRJNA481056	Mus musculus	765	B6SJLSOD1-WT	p70	female	L6CN51_E2_1	spinal cord
L6CN51_E2_2	PRJNA481056	Mus musculus	794	B6SJLSOD1-G93A	p70	female	L6CN51_E2_2	spinal cord
CN52_C2_1	PRJNA481056	Mus musculus	765	B6SJLSOD1-WT	p70	female	CN52_C2_1	spinal cord
CN52_C2_2	PRJNA481056	Mus musculus	794	B6SJLSOD1-G93A	p70	female	CN52_C2_2	spinal cord
L6CN52_D1_1	PRJNA481056	Mus musculus	765	B6SJLSOD1-WT	p70	female	L6CN52_D1_1	spinal cord
L6CN52_D1_2	PRJNA481056	Mus musculus	794	B6SJLSOD1-G93A	p70	female	L6CN52_D1_2	spinal cord
L6CN52_D2_1	PRJNA481056	Mus musculus	765	B6SJLSOD1-WT	p70	female	L6CN52_D2_1	spinal cord
L6CN52_D2_2	PRJNA481056	Mus musculus	794	B6SJLSOD1-G93A	p70	female	L6CN52_D2_2	spinal cord
CN53_D1_1	PRJNA481056	Mus musculus	765	B6SJLSOD1-WT	p70	female	CN53_D1_1	spinal cord
CN53_D1_2	PRJNA481056	Mus musculus	794	B6SJLSOD1-G93A	p70	female	CN53_D1_2	spinal cord
CN53_D2_1	PRJNA481056	Mus musculus	765	B6SJLSOD1-WT	p70	female	CN53_D2_1	spinal cord
CN53_D2_2	PRJNA481056	Mus musculus	794	B6SJLSOD1-G93A	p70	female	CN53_D2_2	spinal cord
CN53_E1_1	PRJNA481056	Mus musculus	765	B6SJLSOD1-WT	p70	female	CN53_E1_1	spinal cord
CN53_E1_2	PRJNA481056	Mus musculus	794	B6SJLSOD1-G93A	p70	female	CN53_E1_2	spinal cord
CN56_C2_1	PRJNA481056	Mus musculus	766	B6SJLSOD1-WT	p70	female	CN56_C2_1	spinal cord
CN56_C2_2	PRJNA481056	Mus musculus	792	B6SJLSOD1-G93A	p70	female	CN56_C2_2	spinal cord
CN56_D1_1	PRJNA481056	Mus musculus	766	B6SJLSOD1-WT	p70	female	CN56_D1_1	spinal cord
CN56_D1_2	PRJNA481056	Mus musculus	792	B6SJLSOD1-G93A	p70	female	CN56_D1_2	spinal cord
CN56_D2_1	PRJNA481056	Mus musculus	766	B6SJLSOD1-WT	p70	female	CN56_D2_1	spinal cord
CN56_D2_2	PRJNA481056	Mus musculus	792	B6SJLSOD1-G93A	p70	female	CN56_D2_2	spinal cord
CN56_E1_1	PRJNA481056	Mus musculus	766	B6SJLSOD1-WT	p70	female	CN56_E1_1	spinal cord
CN56_E1_2	PRJNA481056	Mus musculus	792	B6SJLSOD1-G93A	p70	female	CN56_E1_2	spinal cord
L6CN59_D1_1	PRJNA481056	Mus musculus	766	B6SJLSOD1-WT	p70	female	L6CN59_D1_1	spinal cord
L6CN59_D1_2	PRJNA481056	Mus musculus	792	B6SJLSOD1-G93A	p70	female	L6CN59_D1_2	spinal cord
CN60_C2	PRJNA481056	Mus musculus	771	B6SJLSOD1-WT	p100	male	CN60_C2	spinal cord
CN60_D1	PRJNA481056	Mus musculus	771	B6SJLSOD1-WT	p100	male	CN60_D1	spinal cord
CN60_D2	PRJNA481056	Mus musculus	771	B6SJLSOD1-WT	p100	male	CN60_D2	spinal cord
CN60_E2	PRJNA481056	Mus musculus	771	B6SJLSOD1-WT	p100	male	CN60_E2	spinal cord
CN61_C1	PRJNA481056	Mus musculus	771	B6SJLSOD1-WT	p100	male	CN61_C1	spinal cord
CN61_D2	PRJNA481056	Mus musculus	771	B6SJLSOD1-WT	p100	male	CN61_D2	spinal cord
CN61_E2	PRJNA481056	Mus musculus	771	B6SJLSOD1-WT	p100	male	CN61_E2	spinal cord
CN62_E2	PRJNA481056	Mus musculus	652	B6SJLSOD1-G93A	p100	male	CN62_E2	spinal cord
CN63_C1	PRJNA481056	Mus musculus	652	B6SJLSOD1-G93A	p100	male	CN63_C1	spinal cord
CN63_E2	PRJNA481056	Mus musculus	652	B6SJLSOD1-G93A	p100	male	CN63_E2	spinal cord
CN64_C1	PRJNA481056	Mus musculus	664	B6SJLSOD1-G93A	p120	male	CN64_C1	spinal cord
CN64_C2	PRJNA481056	Mus musculus	664	B6SJLSOD1-G93A	p120	male	CN64_C2	spinal cord
CN64_D1	PRJNA481056	Mus musculus	664	B6SJLSOD1-G93A	p120	male	CN64_D1	spinal cord
CN65_C1	PRJNA481056	Mus musculus	636	B6SJLSOD1-WT	p120	female	CN65_C1	spinal cord
CN65_C2	PRJNA481056	Mus musculus	636	B6SJLSOD1-WT	p120	female	CN65_C2	spinal cord
CN66_C1	PRJNA481056	Mus musculus	672	B6SJLSOD1-G93A	p120	female	CN66_C1	spinal cord
CN66_D1	PRJNA481056	Mus musculus	672	B6SJLSOD1-G93A	p120	female	CN66_D1	spinal cord
CN67_C1	PRJNA481056	Mus musculus	635	B6SJLSOD1-WT	p120	female	CN67_C1	spinal cord
CN67_D2	PRJNA481056	Mus musculus	635	B6SJLSOD1-WT	p120	female	CN67_D2	spinal cord
CN67_E2	PRJNA481056	Mus musculus	635	B6SJLSOD1-WT	p120	female	CN67_E2	spinal cord
CN68_E1	PRJNA481056	Mus musculus	2465	B6SJLSOD1-WT	p30	female	CN68_E1	spinal cord
CN69_C1	PRJNA481056	Mus musculus	2476	B6SJLSOD1-G93A	p30	male	CN69_C1	spinal cord
CN69_C2	PRJNA481056	Mus musculus	2476	B6SJLSOD1-G93A	p30	male	CN69_C2	spinal cord
CN69_D1	PRJNA481056	Mus musculus	2476	B6SJLSOD1-G93A	p30	male	CN69_D1	spinal cord
CN69_D2	PRJNA481056	Mus musculus	2476	B6SJLSOD1-G93A	p30	male	CN69_D2	spinal cord
CN69_E1	PRJNA481056	Mus musculus	2476	B6SJLSOD1-G93A	p30	male	CN69_E1	spinal cord
CN70_C1	PRJNA481056	Mus musculus	769	B6SJLSOD1-WT	p100	male	CN70_C1	spinal cord
CN70_E1	PRJNA481056	Mus musculus	769	B6SJLSOD1-WT	p100	male	CN70_E1	spinal cord
CN70_E2	PRJNA481056	Mus musculus	769	B6SJLSOD1-WT	p100	male	CN70_E2	spinal cord
CN71_C2	PRJNA481056	Mus musculus	651	B6SJLSOD1-G93A	p100	male	CN71_C2	spinal cord
CN71_D1	PRJNA481056	Mus musculus	651	B6SJLSOD1-G93A	p100	male	CN71_D1	spinal cord
CN77_D1	PRJNA481056	Mus musculus	2524	B6SJLSOD1-WT	p100	male	CN77_D1	spinal cord
CN77_E1	PRJNA481056	Mus musculus	2524	B6SJLSOD1-WT	p100	male	CN77_E1	spinal cord
CN77_E2	PRJNA481056	Mus musculus	2524	B6SJLSOD1-WT	p100	male	CN77_E2	spinal cord
CN78_C1	PRJNA481056	Mus musculus	1055	B6SJLSOD1-G93A	p30	female	CN78_C1	spinal cord
CN78_C2	PRJNA481056	Mus musculus	1055	B6SJLSOD1-G93A	p30	female	CN78_C2	spinal cord
CN79_C2	PRJNA481056	Mus musculus	1056	B6SJLSOD1-G93A	p30	female	CN79_C2	spinal cord
CN79_D1	PRJNA481056	Mus musculus	1056	B6SJLSOD1-G93A	p30	female	CN79_D1	spinal cord
CN79_D2	PRJNA481056	Mus musculus	1056	B6SJLSOD1-G93A	p30	female	CN79_D2	spinal cord
CN80_C2	PRJNA481056	Mus musculus	1057	B6SJLSOD1-G93A	p30	female	CN80_C2	spinal cord
CN80_D1	PRJNA481056	Mus musculus	1057	B6SJLSOD1-G93A	p30	female	CN80_D1	spinal cord
CN80_D2	PRJNA481056	Mus musculus	1057	B6SJLSOD1-G93A	p30	female	CN80_D2	spinal cord
CN80_E1	PRJNA481056	Mus musculus	1057	B6SJLSOD1-G93A	p30	female	CN80_E1	spinal cord
CN81_C2	PRJNA481056	Mus musculus	1058	B6SJLSOD1-G93A	p30	female	CN81_C2	spinal cord
CN81_E1	PRJNA481056	Mus musculus	1058	B6SJLSOD1-G93A	p30	female	CN81_E1	spinal cord
CN89_C1	PRJNA481056	Mus musculus	973	B6SJLSOD1-G93A	p120	male	CN89_C1	spinal cord
CN90_C1	PRJNA481056	Mus musculus	974	B6SJLSOD1-G93A	p120	male	CN90_C1	spinal cord
CN92_C1	PRJNA481056	Mus musculus	1087	B6SJLSOD1-WT	p30	female	CN92_C1	spinal cord
CN92_C2	PRJNA481056	Mus musculus	1087	B6SJLSOD1-WT	p30	female	CN92_C2	spinal cord
CN92_D1	PRJNA481056	Mus musculus	1087	B6SJLSOD1-WT	p30	female	CN92_D1	spinal cord
CN92_E2	PRJNA481056	Mus musculus	1087	B6SJLSOD1-WT	p30	female	CN92_E2	spinal cord
CN93_C1	PRJNA481056	Mus musculus	975	B6SJLSOD1-G93A	p120	male	CN93_C1	spinal cord
CN93_D1	PRJNA481056	Mus musculus	975	B6SJLSOD1-G93A	p120	male	CN93_D1	spinal cord
CN93_D2	PRJNA481056	Mus musculus	975	B6SJLSOD1-G93A	p120	male	CN93_D2	spinal cord
CN93_E1	PRJNA481056	Mus musculus	975	B6SJLSOD1-G93A	p120	male	CN93_E1	spinal cord
CN93_E2	PRJNA481056	Mus musculus	975	B6SJLSOD1-G93A	p120	male	CN93_E2	spinal cord
CN94_C2	PRJNA481056	Mus musculus	976	B6SJLSOD1-G93A	p120	male	CN94_C2	spinal cord
CN94_D1	PRJNA481056	Mus musculus	976	B6SJLSOD1-G93A	p120	male	CN94_D1	spinal cord
CN94_D2	PRJNA481056	Mus musculus	976	B6SJLSOD1-G93A	p120	male	CN94_D2	spinal cord
CN94_E1	PRJNA481056	Mus musculus	976	B6SJLSOD1-G93A	p120	male	CN94_E1	spinal cord
CN95_C1	PRJNA481056	Mus musculus	1037	B6SJLSOD1-WT	p120	male	CN95_C1	spinal cord
CN96_E1	PRJNA481056	Mus musculus	1040	B6SJLSOD1-WT	p120	female	CN96_E1	spinal cord
CN96_E2	PRJNA481056	Mus musculus	1040	B6SJLSOD1-WT	p120	female	CN96_E2	spinal cord
L7CN94_C1	PRJNA481056	Mus musculus	1241	B6SJLSOD1-WT	p70	female	L7CN94_C1	spinal cord
L7CN94_C2	PRJNA481056	Mus musculus	1241	B6SJLSOD1-WT	p70	female	L7CN94_C2	spinal cord
L7CN94_D1	PRJNA481056	Mus musculus	1241	B6SJLSOD1-WT	p70	female	L7CN94_D1	spinal cord
L7CN94_D2	PRJNA481056	Mus musculus	1241	B6SJLSOD1-WT	p70	female	L7CN94_D2	spinal cord
L7CN94_E1	PRJNA481056	Mus musculus	1241	B6SJLSOD1-WT	p70	female	L7CN94_E1	spinal cord
L7CN94_E2	PRJNA481056	Mus musculus	1241	B6SJLSOD1-WT	p70	female	L7CN94_E2	spinal cord
L7CN95_C1	PRJNA481056	Mus musculus	1277	B6SJLSOD1-G93A	p30	female	L7CN95_C1	spinal cord
L7CN95_C2	PRJNA481056	Mus musculus	1277	B6SJLSOD1-G93A	p30	female	L7CN95_C2	spinal cord
L7CN95_D1	PRJNA481056	Mus musculus	1277	B6SJLSOD1-G93A	p30	female	L7CN95_D1	spinal cord
L7CN95_D2	PRJNA481056	Mus musculus	1277	B6SJLSOD1-G93A	p30	female	L7CN95_D2	spinal cord
L7CN95_E1	PRJNA481056	Mus musculus	1277	B6SJLSOD1-G93A	p30	female	L7CN95_E1	spinal cord
L7CN96_C1	PRJNA481056	Mus musculus	1298	B6SJLSOD1-WT	p30	male	L7CN96_C1	spinal cord
L7CN96_D1	PRJNA481056	Mus musculus	1298	B6SJLSOD1-WT	p30	male	L7CN96_D1	spinal cord
L7CN96_D2	PRJNA481056	Mus musculus	1298	B6SJLSOD1-WT	p30	male	L7CN96_D2	spinal cord
L7CN96_E1	PRJNA481056	Mus musculus	1298	B6SJLSOD1-WT	p30	male	L7CN96_E1	spinal cord
L7CN96_E2	PRJNA481056	Mus musculus	1298	B6SJLSOD1-WT	p30	male	L7CN96_E2	spinal cord
L7CN97_C1	PRJNA481056	Mus musculus	1294	B6SJLSOD1-WT	p30	male	L7CN97_C1	spinal cord
L7CN97_C2	PRJNA481056	Mus musculus	1294	B6SJLSOD1-WT	p30	male	L7CN97_C2	spinal cord
L7CN97_D1	PRJNA481056	Mus musculus	1294	B6SJLSOD1-WT	p30	male	L7CN97_D1	spinal cord
L7CN97_D2	PRJNA481056	Mus musculus	1294	B6SJLSOD1-WT	p30	male	L7CN97_D2	spinal cord
L7CN97_E1	PRJNA481056	Mus musculus	1294	B6SJLSOD1-WT	p30	male	L7CN97_E1	spinal cord
L7CN97_E2	PRJNA481056	Mus musculus	1294	B6SJLSOD1-WT	p30	male	L7CN97_E2	spinal cord
L7CN93_E2	PRJNA481056	Mus musculus	1248	B6SJLSOD1-G93A	p70	male	L7CN93_E2	spinal cord
L7CN92_C1	PRJNA481056	Mus musculus	1244	B6SJLSOD1-WT	p100	female	L7CN92_C1	spinal cord
L7CN92_C2	PRJNA481056	Mus musculus	1244	B6SJLSOD1-WT	p100	female	L7CN92_C2	spinal cord
L7CN92_D1	PRJNA481056	Mus musculus	1244	B6SJLSOD1-WT	p100	female	L7CN92_D1	spinal cord
L7CN92_D2	PRJNA481056	Mus musculus	1244	B6SJLSOD1-WT	p100	female	L7CN92_D2	spinal cord
L7CN92_E2	PRJNA481056	Mus musculus	1244	B6SJLSOD1-WT	p100	female	L7CN92_E2	spinal cord
L7CN91_C1	PRJNA481056	Mus musculus	1250	B6SJLSOD1-G93A	p70	male	L7CN91_C1	spinal cord
L7CN91_C2	PRJNA481056	Mus musculus	1250	B6SJLSOD1-G93A	p70	male	L7CN91_C2	spinal cord
L7CN91_D1	PRJNA481056	Mus musculus	1250	B6SJLSOD1-G93A	p70	male	L7CN91_D1	spinal cord
L7CN91_D2	PRJNA481056	Mus musculus	1250	B6SJLSOD1-G93A	p70	male	L7CN91_D2	spinal cord
L7CN91_E1	PRJNA481056	Mus musculus	1250	B6SJLSOD1-G93A	p70	male	L7CN91_E1	spinal cord
L7CN91_E2	PRJNA481056	Mus musculus	1250	B6SJLSOD1-G93A	p70	male	L7CN91_E2	spinal cord
L7CN90_C2	PRJNA481056	Mus musculus	1245	B6SJLSOD1-WT	p100	female	L7CN90_C2	spinal cord
L7CN90_E1	PRJNA481056	Mus musculus	1245	B6SJLSOD1-WT	p100	female	L7CN90_E1	spinal cord
L7CN90A_C1	PRJNA481056	Mus musculus	1238	B6SJLSOD1-G93A	p70	male	L7CN90A_C1	spinal cord
L7CN90A_C2	PRJNA481056	Mus musculus	1238	B6SJLSOD1-G93A	p70	male	L7CN90A_C2	spinal cord
L7CN90A_D1	PRJNA481056	Mus musculus	1238	B6SJLSOD1-G93A	p70	male	L7CN90A_D1	spinal cord
L7CN90A_E1	PRJNA481056	Mus musculus	1238	B6SJLSOD1-G93A	p70	male	L7CN90A_E1	spinal cord
L7CN89_D1	PRJNA481056	Mus musculus	1265	B6SJLSOD1-G93A	p70	female	L7CN89_D1	spinal cord
L7CN89_D2	PRJNA481056	Mus musculus	1265	B6SJLSOD1-G93A	p70	female	L7CN89_D2	spinal cord
L7CN89_E1	PRJNA481056	Mus musculus	1265	B6SJLSOD1-G93A	p70	female	L7CN89_E1	spinal cord
L7CN87_E1	PRJNA481056	Mus musculus	1080	B6SJLSOD1-WT	p100	male	L7CN87_E1	spinal cord
L7CN87_E2	PRJNA481056	Mus musculus	1080	B6SJLSOD1-WT	p100	male	L7CN87_E2	spinal cord
L7CN86_C1	PRJNA481056	Mus musculus	1266	B6SJLSOD1-G93A	p120	female	L7CN86_C1	spinal cord
L7CN86_C2	PRJNA481056	Mus musculus	1266	B6SJLSOD1-G93A	p120	female	L7CN86_C2	spinal cord
L7CN86_D2	PRJNA481056	Mus musculus	1266	B6SJLSOD1-G93A	p120	female	L7CN86_D2	spinal cord
L7CN86_E2	PRJNA481056	Mus musculus	1266	B6SJLSOD1-G93A	p120	female	L7CN86_E2	spinal cord
L7CN85_C1	PRJNA481056	Mus musculus	1266	B6SJLSOD1-G93A	p120	female	L7CN85_C1	spinal cord
L7CN85_C2	PRJNA481056	Mus musculus	1266	B6SJLSOD1-G93A	p120	female	L7CN85_C2	spinal cord
L7CN85_D1	PRJNA481056	Mus musculus	1266	B6SJLSOD1-G93A	p120	female	L7CN85_D1	spinal cord
L7CN85_D2	PRJNA481056	Mus musculus	1266	B6SJLSOD1-G93A	p120	female	L7CN85_D2	spinal cord
L7CN85_E1	PRJNA481056	Mus musculus	1266	B6SJLSOD1-G93A	p120	female	L7CN85_E1	spinal cord
L7CN85_E2	PRJNA481056	Mus musculus	1266	B6SJLSOD1-G93A	p120	female	L7CN85_E2	spinal cord
L7CN84_C1	PRJNA481056	Mus musculus	1351	B6SJLSOD1-G93A	p100	male	L7CN84_C1	spinal cord
L7CN84_D1	PRJNA481056	Mus musculus	1351	B6SJLSOD1-G93A	p100	male	L7CN84_D1	spinal cord
L7CN84_E1	PRJNA481056	Mus musculus	1351	B6SJLSOD1-G93A	p100	male	L7CN84_E1	spinal cord
L7CN84_E2	PRJNA481056	Mus musculus	1351	B6SJLSOD1-G93A	p100	male	L7CN84_E2	spinal cord
L7CN83_C1	PRJNA481056	Mus musculus	1351	B6SJLSOD1-G93A	p100	male	L7CN83_C1	spinal cord
L7CN83_C2	PRJNA481056	Mus musculus	1351	B6SJLSOD1-G93A	p100	male	L7CN83_C2	spinal cord
L7CN83_D2	PRJNA481056	Mus musculus	1351	B6SJLSOD1-G93A	p100	male	L7CN83_D2	spinal cord
L7CN83_E1	PRJNA481056	Mus musculus	1351	B6SJLSOD1-G93A	p100	male	L7CN83_E1	spinal cord
L7CN83_E2	PRJNA481056	Mus musculus	1351	B6SJLSOD1-G93A	p100	male	L7CN83_E2	spinal cord
L7CN81_C1	PRJNA481056	Mus musculus	998	B6SJLSOD1-G93A	p100	female	L7CN81_C1	spinal cord
L7CN81_D2	PRJNA481056	Mus musculus	998	B6SJLSOD1-G93A	p100	female	L7CN81_D2	spinal cord
L7CN81_E1	PRJNA481056	Mus musculus	998	B6SJLSOD1-G93A	p100	female	L7CN81_E1	spinal cord
L7CN81_E2	PRJNA481056	Mus musculus	998	B6SJLSOD1-G93A	p100	female	L7CN81_E2	spinal cord
L7CN80_C1	PRJNA481056	Mus musculus	998	B6SJLSOD1-G93A	p100	female	L7CN80_C1	spinal cord
L7CN80_C2	PRJNA481056	Mus musculus	998	B6SJLSOD1-G93A	p100	female	L7CN80_C2	spinal cord
L7CN80_D1	PRJNA481056	Mus musculus	998	B6SJLSOD1-G93A	p100	female	L7CN80_D1	spinal cord
L7CN80_D2	PRJNA481056	Mus musculus	998	B6SJLSOD1-G93A	p100	female	L7CN80_D2	spinal cord
L7CN80_E1	PRJNA481056	Mus musculus	998	B6SJLSOD1-G93A	p100	female	L7CN80_E1	spinal cord
L7CN80_E2	PRJNA481056	Mus musculus	998	B6SJLSOD1-G93A	p100	female	L7CN80_E2	spinal cord
L7CN79_C1	PRJNA481056	Mus musculus	1083	B6SJLSOD1-WT	p100	male	L7CN79_C1	spinal cord
L7CN79_C2	PRJNA481056	Mus musculus	1083	B6SJLSOD1-WT	p100	male	L7CN79_C2	spinal cord
L7CN79_D1	PRJNA481056	Mus musculus	1083	B6SJLSOD1-WT	p100	male	L7CN79_D1	spinal cord
L7CN79_D2	PRJNA481056	Mus musculus	1083	B6SJLSOD1-WT	p100	male	L7CN79_D2	spinal cord
L7CN78_C1	PRJNA481056	Mus musculus	1083	B6SJLSOD1-WT	p100	male	L7CN78_C1	spinal cord
L7CN78_C2	PRJNA481056	Mus musculus	1083	B6SJLSOD1-WT	p100	male	L7CN78_C2	spinal cord
L7CN78_D1	PRJNA481056	Mus musculus	1083	B6SJLSOD1-WT	p100	male	L7CN78_D1	spinal cord
L7CN78_D2	PRJNA481056	Mus musculus	1083	B6SJLSOD1-WT	p100	male	L7CN78_D2	spinal cord
L7CN78_E1	PRJNA481056	Mus musculus	1083	B6SJLSOD1-WT	p100	male	L7CN78_E1	spinal cord
L7CN78_E2	PRJNA481056	Mus musculus	1083	B6SJLSOD1-WT	p100	male	L7CN78_E2	spinal cord
L7CN76_C2	PRJNA481056	Mus musculus	1473	B6SJLSOD1-G93A	p70	male	L7CN76_C2	spinal cord
L7CN75_C1	PRJNA481056	Mus musculus	1352	B6SJLSOD1-G93A	p100	male	L7CN75_C1	spinal cord
L7CN75_C2	PRJNA481056	Mus musculus	1352	B6SJLSOD1-G93A	p100	male	L7CN75_C2	spinal cord
L7CN75_E2	PRJNA481056	Mus musculus	1352	B6SJLSOD1-G93A	p100	male	L7CN75_E2	spinal cord
L7CN73_C1	PRJNA481056	Mus musculus	1305	B6SJLSOD1-WT	p100	female	L7CN73_C1	spinal cord
L7CN70_C1	PRJNA481056	Mus musculus	1542	B6SJLSOD1-G93A	p30	female	L7CN70_C1	spinal cord
L7CN70_C2	PRJNA481056	Mus musculus	1542	B6SJLSOD1-G93A	p30	female	L7CN70_C2	spinal cord
L7CN70_D1	PRJNA481056	Mus musculus	1542	B6SJLSOD1-G93A	p30	female	L7CN70_D1	spinal cord
L7CN70_D2	PRJNA481056	Mus musculus	1542	B6SJLSOD1-G93A	p30	female	L7CN70_D2	spinal cord
L7CN70_E1	PRJNA481056	Mus musculus	1542	B6SJLSOD1-G93A	p30	female	L7CN70_E1	spinal cord
L7CN70_E2	PRJNA481056	Mus musculus	1542	B6SJLSOD1-G93A	p30	female	L7CN70_E2	spinal cord
L7CN69_C1	PRJNA481056	Mus musculus	1310	B6SJLSOD1-WT	p120	male	L7CN69_C1	spinal cord
L7CN69_C2	PRJNA481056	Mus musculus	1310	B6SJLSOD1-WT	p120	male	L7CN69_C2	spinal cord
L7CN69_D1	PRJNA481056	Mus musculus	1310	B6SJLSOD1-WT	p120	male	L7CN69_D1	spinal cord
L7CN69_D2	PRJNA481056	Mus musculus	1310	B6SJLSOD1-WT	p120	male	L7CN69_D2	spinal cord
L7CN69_E1	PRJNA481056	Mus musculus	1310	B6SJLSOD1-WT	p120	male	L7CN69_E1	spinal cord
L7CN69_E2	PRJNA481056	Mus musculus	1310	B6SJLSOD1-WT	p120	male	L7CN69_E2	spinal cord
L7CN68_C1	PRJNA481056	Mus musculus	1310	B6SJLSOD1-WT	p120	male	L7CN68_C1	spinal cord
L7CN68_C2	PRJNA481056	Mus musculus	1310	B6SJLSOD1-WT	p120	male	L7CN68_C2	spinal cord
L7CN68_D1	PRJNA481056	Mus musculus	1310	B6SJLSOD1-WT	p120	male	L7CN68_D1	spinal cord
L7CN68_E1	PRJNA481056	Mus musculus	1310	B6SJLSOD1-WT	p120	male	L7CN68_E1	spinal cord
L7CN68_E2	PRJNA481056	Mus musculus	1310	B6SJLSOD1-WT	p120	male	L7CN68_E2	spinal cord
L7CN30_C1	PRJNA481056	Mus musculus	2967	B6SJLSOD1-WT	p120	male	L7CN30_C1	spinal cord
L7CN30_C2	PRJNA481056	Mus musculus	2967	B6SJLSOD1-WT	p120	male	L7CN30_C2	spinal cord
L7CN30_D1	PRJNA481056	Mus musculus	2967	B6SJLSOD1-WT	p120	male	L7CN30_D1	spinal cord
L7CN30_D2	PRJNA481056	Mus musculus	2967	B6SJLSOD1-WT	p120	male	L7CN30_D2	spinal cord
L7CN30_E1	PRJNA481056	Mus musculus	2967	B6SJLSOD1-WT	p120	male	L7CN30_E1	spinal cord
L7CN30_E2	PRJNA481056	Mus musculus	2967	B6SJLSOD1-WT	p120	male	L7CN30_E2	spinal cord
L7CN32_C1	PRJNA481056	Mus musculus	1486	B6SJLSOD1-WT	p70	male	L7CN32_C1	spinal cord
L7CN32_C2	PRJNA481056	Mus musculus	1486	B6SJLSOD1-WT	p70	male	L7CN32_C2	spinal cord
L7CN32_D1	PRJNA481056	Mus musculus	1486	B6SJLSOD1-WT	p70	male	L7CN32_D1	spinal cord
L7CN32_D2	PRJNA481056	Mus musculus	1486	B6SJLSOD1-WT	p70	male	L7CN32_D2	spinal cord
L7CN32_E1	PRJNA481056	Mus musculus	1486	B6SJLSOD1-WT	p70	male	L7CN32_E1	spinal cord
L7CN32_E2	PRJNA481056	Mus musculus	1486	B6SJLSOD1-WT	p70	male	L7CN32_E2	spinal cord
L7CN34_C1	PRJNA481056	Mus musculus	3167	ATG7(fl/fl);ChatCre(+/-);SOD(+/-)	p100	female	L7CN34_C1	spinal cord
L7CN34_C2	PRJNA481056	Mus musculus	3167	ATG7(fl/fl);ChatCre(+/-);SOD(+/-)	p100	female	L7CN34_C2	spinal cord
L7CN34_D1	PRJNA481056	Mus musculus	3167	ATG7(fl/fl);ChatCre(+/-);SOD(+/-)	p100	female	L7CN34_D1	spinal cord
L7CN34_D2	PRJNA481056	Mus musculus	3167	ATG7(fl/fl);ChatCre(+/-);SOD(+/-)	p100	female	L7CN34_D2	spinal cord
L7CN34_E1	PRJNA481056	Mus musculus	3167	ATG7(fl/fl);ChatCre(+/-);SOD(+/-)	p100	female	L7CN34_E1	spinal cord
L7CN34_E2	PRJNA481056	Mus musculus	3167	ATG7(fl/fl);ChatCre(+/-);SOD(+/-)	p100	female	L7CN34_E2	spinal cord
L7CN36_C1	PRJNA481056	Mus musculus	1394	B6SJLSOD1-G93A	p120	female	L7CN36_C1	spinal cord
L7CN36_C2	PRJNA481056	Mus musculus	1394	B6SJLSOD1-G93A	p120	female	L7CN36_C2	spinal cord
L7CN36_D1	PRJNA481056	Mus musculus	1394	B6SJLSOD1-G93A	p120	female	L7CN36_D1	spinal cord
L7CN36_D2	PRJNA481056	Mus musculus	1394	B6SJLSOD1-G93A	p120	female	L7CN36_D2	spinal cord
L7CN36_E1	PRJNA481056	Mus musculus	1394	B6SJLSOD1-G93A	p120	female	L7CN36_E1	spinal cord
L7CN36_E2	PRJNA481056	Mus musculus	1394	B6SJLSOD1-G93A	p120	female	L7CN36_E2	spinal cord
L7CN37_C2	PRJNA481056	Mus musculus	1396	B6SJLSOD1-G93A	p120	female	L7CN37_C2	spinal cord
L7CN37_D1	PRJNA481056	Mus musculus	1396	B6SJLSOD1-G93A	p120	female	L7CN37_D1	spinal cord
L7CN37_D2	PRJNA481056	Mus musculus	1396	B6SJLSOD1-G93A	p120	female	L7CN37_D2	spinal cord
L7CN37_E1	PRJNA481056	Mus musculus	1396	B6SJLSOD1-G93A	p120	female	L7CN37_E1	spinal cord
L7CN37_E2	PRJNA481056	Mus musculus	1396	B6SJLSOD1-G93A	p120	female	L7CN37_E2	spinal cord
L7CN40_C1	PRJNA481056	Mus musculus	3163	ATG7(fl/fl);ChatCre(+/-);SOD(+/-)	p120	male	L7CN40_C1	spinal cord
L7CN40_C2	PRJNA481056	Mus musculus	3163	ATG7(fl/fl);ChatCre(+/-);SOD(+/-)	p120	male	L7CN40_C2	spinal cord
L7CN40_D1	PRJNA481056	Mus musculus	3163	ATG7(fl/fl);ChatCre(+/-);SOD(+/-)	p120	male	L7CN40_D1	spinal cord
L7CN40_D2	PRJNA481056	Mus musculus	3163	ATG7(fl/fl);ChatCre(+/-);SOD(+/-)	p120	male	L7CN40_D2	spinal cord
L7CN40_E1	PRJNA481056	Mus musculus	3163	ATG7(fl/fl);ChatCre(+/-);SOD(+/-)	p120	male	L7CN40_E1	spinal cord
L7CN40_E2	PRJNA481056	Mus musculus	3163	ATG7(fl/fl);ChatCre(+/-);SOD(+/-)	p120	male	L7CN40_E2	spinal cord
L7CN41_C1	PRJNA481056	Mus musculus	3163	ATG7(fl/fl);ChatCre(+/-);SOD(+/-)	p120	male	L7CN41_C1	spinal cord
L7CN41_C2	PRJNA481056	Mus musculus	3163	ATG7(fl/fl);ChatCre(+/-);SOD(+/-)	p120	male	L7CN41_C2	spinal cord
L7CN41_D1	PRJNA481056	Mus musculus	3163	ATG7(fl/fl);ChatCre(+/-);SOD(+/-)	p120	male	L7CN41_D1	spinal cord
L7CN41_D2	PRJNA481056	Mus musculus	3163	ATG7(fl/fl);ChatCre(+/-);SOD(+/-)	p120	male	L7CN41_D2	spinal cord
L7CN41_E1	PRJNA481056	Mus musculus	3163	ATG7(fl/fl);ChatCre(+/-);SOD(+/-)	p120	male	L7CN41_E1	spinal cord
L7CN41_E2	PRJNA481056	Mus musculus	3163	ATG7(fl/fl);ChatCre(+/-);SOD(+/-)	p120	male	L7CN41_E2	spinal cord
L7CN44_C1	PRJNA481056	Mus musculus	3153	ATG7(fl/fl);ChatCre(+/-);SOD(+/-)	p120	male	L7CN44_C1	spinal cord
L7CN44_C2	PRJNA481056	Mus musculus	3153	ATG7(fl/fl);ChatCre(+/-);SOD(+/-)	p120	male	L7CN44_C2	spinal cord
L7CN44_D1	PRJNA481056	Mus musculus	3153	ATG7(fl/fl);ChatCre(+/-);SOD(+/-)	p120	male	L7CN44_D1	spinal cord
L7CN44_D2	PRJNA481056	Mus musculus	3153	ATG7(fl/fl);ChatCre(+/-);SOD(+/-)	p120	male	L7CN44_D2	spinal cord
L7CN44_E1	PRJNA481056	Mus musculus	3153	ATG7(fl/fl);ChatCre(+/-);SOD(+/-)	p120	male	L7CN44_E1	spinal cord
L7CN44_E2	PRJNA481056	Mus musculus	3153	ATG7(fl/fl);ChatCre(+/-);SOD(+/-)	p120	male	L7CN44_E2	spinal cord
L7CN45_C1	PRJNA481056	Mus musculus	3147	ATG7(fl/fl);ChatCre(+/-);SOD(+/-)	p100	female	L7CN45_C1	spinal cord
L7CN45_C2	PRJNA481056	Mus musculus	3147	ATG7(fl/fl);ChatCre(+/-);SOD(+/-)	p100	female	L7CN45_C2	spinal cord
L7CN45_D1	PRJNA481056	Mus musculus	3147	ATG7(fl/fl);ChatCre(+/-);SOD(+/-)	p100	female	L7CN45_D1	spinal cord
L7CN45_D2	PRJNA481056	Mus musculus	3147	ATG7(fl/fl);ChatCre(+/-);SOD(+/-)	p100	female	L7CN45_D2	spinal cord
L7CN45_E1	PRJNA481056	Mus musculus	3147	ATG7(fl/fl);ChatCre(+/-);SOD(+/-)	p100	female	L7CN45_E1	spinal cord
L7CN45_E2	PRJNA481056	Mus musculus	3147	ATG7(fl/fl);ChatCre(+/-);SOD(+/-)	p100	female	L7CN45_E2	spinal cord
L7CN47_C1	PRJNA481056	Mus musculus	3162	ATG7(fl/fl);ChatCre(+/-);SOD(+/-)	p120	male	L7CN47_C1	spinal cord
L7CN47_C2	PRJNA481056	Mus musculus	3162	ATG7(fl/fl);ChatCre(+/-);SOD(+/-)	p120	male	L7CN47_C2	spinal cord
L7CN47_D1	PRJNA481056	Mus musculus	3162	ATG7(fl/fl);ChatCre(+/-);SOD(+/-)	p120	male	L7CN47_D1	spinal cord
L7CN47_D2	PRJNA481056	Mus musculus	3162	ATG7(fl/fl);ChatCre(+/-);SOD(+/-)	p120	male	L7CN47_D2	spinal cord
L7CN47_E1	PRJNA481056	Mus musculus	3162	ATG7(fl/fl);ChatCre(+/-);SOD(+/-)	p120	male	L7CN47_E1	spinal cord
L7CN47_E2	PRJNA481056	Mus musculus	3162	ATG7(fl/fl);ChatCre(+/-);SOD(+/-)	p120	male	L7CN47_E2	spinal cord
L7bCN01_C1	PRJNA481056	Mus musculus	3159	ATG7(fl/fl);ChatCre(+/-);SOD(+/-)	p120	female	L7bCN01_C1	spinal cord
L7bCN01_C2	PRJNA481056	Mus musculus	3159	ATG7(fl/fl);ChatCre(+/-);SOD(+/-)	p120	female	L7bCN01_C2	spinal cord
L7bCN01_D1	PRJNA481056	Mus musculus	3159	ATG7(fl/fl);ChatCre(+/-);SOD(+/-)	p120	female	L7bCN01_D1	spinal cord
L7bCN01_D2	PRJNA481056	Mus musculus	3159	ATG7(fl/fl);ChatCre(+/-);SOD(+/-)	p120	female	L7bCN01_D2	spinal cord
L7bCN01_E1	PRJNA481056	Mus musculus	3159	ATG7(fl/fl);ChatCre(+/-);SOD(+/-)	p120	female	L7bCN01_E1	spinal cord
L7bCN01_E2	PRJNA481056	Mus musculus	3159	ATG7(fl/fl);ChatCre(+/-);SOD(+/-)	p120	female	L7bCN01_E2	spinal cord
L7bCN02_C1	PRJNA481056	Mus musculus	3159	ATG7(fl/fl);ChatCre(+/-);SOD(+/-)	p120	female	L7bCN02_C1	spinal cord
L7bCN02_C2	PRJNA481056	Mus musculus	3159	ATG7(fl/fl);ChatCre(+/-);SOD(+/-)	p120	female	L7bCN02_C2	spinal cord
L7bCN02_D1	PRJNA481056	Mus musculus	3159	ATG7(fl/fl);ChatCre(+/-);SOD(+/-)	p120	female	L7bCN02_D1	spinal cord
L7bCN02_D2	PRJNA481056	Mus musculus	3159	ATG7(fl/fl);ChatCre(+/-);SOD(+/-)	p120	female	L7bCN02_D2	spinal cord
L7bCN02_E1	PRJNA481056	Mus musculus	3159	ATG7(fl/fl);ChatCre(+/-);SOD(+/-)	p120	female	L7bCN02_E1	spinal cord
L7bCN03_C2	PRJNA481056	Mus musculus	3172	ATG7(fl/fl);ChatCre(+/-);SOD(+/-)	p100	male	L7bCN03_C2	spinal cord
L7bCN03_D1	PRJNA481056	Mus musculus	3172	ATG7(fl/fl);ChatCre(+/-);SOD(+/-)	p100	male	L7bCN03_D1	spinal cord
L7bCN03_D2	PRJNA481056	Mus musculus	3172	ATG7(fl/fl);ChatCre(+/-);SOD(+/-)	p100	male	L7bCN03_D2	spinal cord
L7bCN03_E1	PRJNA481056	Mus musculus	3172	ATG7(fl/fl);ChatCre(+/-);SOD(+/-)	p100	male	L7bCN03_E1	spinal cord
L7bCN03_E2	PRJNA481056	Mus musculus	3172	ATG7(fl/fl);ChatCre(+/-);SOD(+/-)	p100	male	L7bCN03_E2	spinal cord
L7bCN04_C1	PRJNA481056	Mus musculus	3172	ATG7(fl/fl);ChatCre(+/-);SOD(+/-)	p100	male	L7bCN04_C1	spinal cord
L7bCN04_C2	PRJNA481056	Mus musculus	3172	ATG7(fl/fl);ChatCre(+/-);SOD(+/-)	p100	male	L7bCN04_C2	spinal cord
L7bCN04_D1	PRJNA481056	Mus musculus	3172	ATG7(fl/fl);ChatCre(+/-);SOD(+/-)	p100	male	L7bCN04_D1	spinal cord
L7bCN04_D2	PRJNA481056	Mus musculus	3172	ATG7(fl/fl);ChatCre(+/-);SOD(+/-)	p100	male	L7bCN04_D2	spinal cord
L7bCN05_C1	PRJNA481056	Mus musculus	3146	ATG7(fl/fl);ChatCre(+/-);SOD(+/-)	p120	female	L7bCN05_C1	spinal cord
L7bCN05_C2	PRJNA481056	Mus musculus	3146	ATG7(fl/fl);ChatCre(+/-);SOD(+/-)	p120	female	L7bCN05_C2	spinal cord
L7bCN05_D1	PRJNA481056	Mus musculus	3146	ATG7(fl/fl);ChatCre(+/-);SOD(+/-)	p120	female	L7bCN05_D1	spinal cord
L7bCN05_D2	PRJNA481056	Mus musculus	3146	ATG7(fl/fl);ChatCre(+/-);SOD(+/-)	p120	female	L7bCN05_D2	spinal cord
L7bCN05_E1	PRJNA481056	Mus musculus	3146	ATG7(fl/fl);ChatCre(+/-);SOD(+/-)	p120	female	L7bCN05_E1	spinal cord
L7bCN05_E2	PRJNA481056	Mus musculus	3146	ATG7(fl/fl);ChatCre(+/-);SOD(+/-)	p120	female	L7bCN05_E2	spinal cord
L7bCN06_E2	PRJNA481056	Mus musculus	3146	ATG7(fl/fl);ChatCre(+/-);SOD(+/-)	p120	female	L7bCN06_E2	spinal cord
L7bCN09_C1	PRJNA481056	Mus musculus	3150	ATG7(fl/fl);ChatCre(+/-);SOD(+/-)	p120	female	L7bCN09_C1	spinal cord
L7bCN09_D2	PRJNA481056	Mus musculus	3150	ATG7(fl/fl);ChatCre(+/-);SOD(+/-)	p120	female	L7bCN09_D2	spinal cord
L7bCN09_E1	PRJNA481056	Mus musculus	3150	ATG7(fl/fl);ChatCre(+/-);SOD(+/-)	p120	female	L7bCN09_E1	spinal cord
L7bCN09_E2	PRJNA481056	Mus musculus	3150	ATG7(fl/fl);ChatCre(+/-);SOD(+/-)	p120	female	L7bCN09_E2	spinal cord
L7CN54_C1	PRJNA481056	Mus musculus	3150	ATG7(fl/fl);ChatCre(+/-);SOD(+/-)	p120	female	L7CN54_C1	spinal cord
L7CN54_C2	PRJNA481056	Mus musculus	3150	ATG7(fl/fl);ChatCre(+/-);SOD(+/-)	p120	female	L7CN54_C2	spinal cord
L7CN54_D1	PRJNA481056	Mus musculus	3150	ATG7(fl/fl);ChatCre(+/-);SOD(+/-)	p120	female	L7CN54_D1	spinal cord
L7CN54_D2	PRJNA481056	Mus musculus	3150	ATG7(fl/fl);ChatCre(+/-);SOD(+/-)	p120	female	L7CN54_D2	spinal cord
L7CN54_E1	PRJNA481056	Mus musculus	3150	ATG7(fl/fl);ChatCre(+/-);SOD(+/-)	p120	female	L7CN54_E1	spinal cord
L7CN54_E2	PRJNA481056	Mus musculus	3150	ATG7(fl/fl);ChatCre(+/-);SOD(+/-)	p120	female	L7CN54_E2	spinal cord
L7CN57_E1	PRJNA481056	Mus musculus	A12	ATG7(fl/fl);ChatCre(+/-);SOD(+/-)	p100	female	L7CN57_E1	spinal cord
L7CN57_E2	PRJNA481056	Mus musculus	A12	ATG7(fl/fl);ChatCre(+/-);SOD(+/-)	p100	female	L7CN57_E2	spinal cord
L8CN18_C1	PRJNA481056	Mus musculus	A16	ATG7(fl/fl);ChatCre(+/-);SOD(+/-)	p100	female	L8CN18_C1	spinal cord
L8CN18_C2	PRJNA481056	Mus musculus	A16	ATG7(fl/fl);ChatCre(+/-);SOD(+/-)	p100	female	L8CN18_C2	spinal cord
L8CN18_D1	PRJNA481056	Mus musculus	A16	ATG7(fl/fl);ChatCre(+/-);SOD(+/-)	p100	female	L8CN18_D1	spinal cord
L8CN18_D2	PRJNA481056	Mus musculus	A16	ATG7(fl/fl);ChatCre(+/-);SOD(+/-)	p100	female	L8CN18_D2	spinal cord
L8CN18_E1	PRJNA481056	Mus musculus	A16	ATG7(fl/fl);ChatCre(+/-);SOD(+/-)	p100	female	L8CN18_E1	spinal cord
L8CN18_E2	PRJNA481056	Mus musculus	A16	ATG7(fl/fl);ChatCre(+/-);SOD(+/-)	p100	female	L8CN18_E2	spinal cord
L7CN58_C1	PRJNA481056	Mus musculus	A16	ATG7(fl/fl);ChatCre(+/-);SOD(+/-)	p100	female	L7CN58_C1	spinal cord
L7CN58_C2	PRJNA481056	Mus musculus	A16	ATG7(fl/fl);ChatCre(+/-);SOD(+/-)	p100	female	L7CN58_C2	spinal cord
L7CN58_D1	PRJNA481056	Mus musculus	A16	ATG7(fl/fl);ChatCre(+/-);SOD(+/-)	p100	female	L7CN58_D1	spinal cord
L7CN58_D2	PRJNA481056	Mus musculus	A16	ATG7(fl/fl);ChatCre(+/-);SOD(+/-)	p100	female	L7CN58_D2	spinal cord
L8CN17_C1	PRJNA481056	Mus musculus	A12	ATG7(fl/fl);ChatCre(+/-);SOD(+/-)	p100	female	L8CN17_C1	spinal cord
L8CN17_C2	PRJNA481056	Mus musculus	A12	ATG7(fl/fl);ChatCre(+/-);SOD(+/-)	p100	female	L8CN17_C2	spinal cord
L8CN17_D1	PRJNA481056	Mus musculus	A12	ATG7(fl/fl);ChatCre(+/-);SOD(+/-)	p100	female	L8CN17_D1	spinal cord
L8CN17_D2	PRJNA481056	Mus musculus	A12	ATG7(fl/fl);ChatCre(+/-);SOD(+/-)	p100	female	L8CN17_D2	spinal cord
L8CN17_E1	PRJNA481056	Mus musculus	A12	ATG7(fl/fl);ChatCre(+/-);SOD(+/-)	p100	female	L8CN17_E1	spinal cord
L8CN17_E2	PRJNA481056	Mus musculus	A12	ATG7(fl/fl);ChatCre(+/-);SOD(+/-)	p100	female	L8CN17_E2	spinal cord
L7CN60_C1	PRJNA481056	Mus musculus	S4	B6SJLSOD1-WT	p30	female	L7CN60_C1	spinal cord
L7CN60_C2	PRJNA481056	Mus musculus	S4	B6SJLSOD1-WT	p30	female	L7CN60_C2	spinal cord
L7CN60_D1	PRJNA481056	Mus musculus	S4	B6SJLSOD1-WT	p30	female	L7CN60_D1	spinal cord
L7CN60_D2	PRJNA481056	Mus musculus	S4	B6SJLSOD1-WT	p30	female	L7CN60_D2	spinal cord
L7CN60_E1	PRJNA481056	Mus musculus	S4	B6SJLSOD1-WT	p30	female	L7CN60_E1	spinal cord
L7CN60_E2	PRJNA481056	Mus musculus	S4	B6SJLSOD1-WT	p30	female	L7CN60_E2	spinal cord
L7CN61_C1	PRJNA481056	Mus musculus	1059	B6SJLSOD1-G93A	p30	female	L7CN61_C1	spinal cord
L7CN61_C2	PRJNA481056	Mus musculus	1059	B6SJLSOD1-G93A	p30	female	L7CN61_C2	spinal cord
L7CN61_D1	PRJNA481056	Mus musculus	1059	B6SJLSOD1-G93A	p30	female	L7CN61_D1	spinal cord
L7CN61_D2	PRJNA481056	Mus musculus	1059	B6SJLSOD1-G93A	p30	female	L7CN61_D2	spinal cord
L7CN61_E1	PRJNA481056	Mus musculus	1059	B6SJLSOD1-G93A	p30	female	L7CN61_E1	spinal cord
L7CN61_E2	PRJNA481056	Mus musculus	1059	B6SJLSOD1-G93A	p30	female	L7CN61_E2	spinal cord
L7CN62_C1	PRJNA481056	Mus musculus	1453	B6SJLSOD1-G93A	p70	female	L7CN62_C1	spinal cord
L7CN62_C2	PRJNA481056	Mus musculus	1453	B6SJLSOD1-G93A	p70	female	L7CN62_C2	spinal cord
L7CN62_D1	PRJNA481056	Mus musculus	1453	B6SJLSOD1-G93A	p70	female	L7CN62_D1	spinal cord
L7CN62_D2	PRJNA481056	Mus musculus	1453	B6SJLSOD1-G93A	p70	female	L7CN62_D2	spinal cord
L7CN62_E1	PRJNA481056	Mus musculus	1453	B6SJLSOD1-G93A	p70	female	L7CN62_E1	spinal cord
L7CN62_E2	PRJNA481056	Mus musculus	1453	B6SJLSOD1-G93A	p70	female	L7CN62_E2	spinal cord
L7CN63_C1	PRJNA481056	Mus musculus	M0009	B6SJLSOD1-G93A	p30	male	L7CN63_C1	spinal cord
L7CN63_C2	PRJNA481056	Mus musculus	M0009	B6SJLSOD1-G93A	p30	male	L7CN63_C2	spinal cord
L7CN63_D1	PRJNA481056	Mus musculus	M0009	B6SJLSOD1-G93A	p30	male	L7CN63_D1	spinal cord
L7CN63_D2	PRJNA481056	Mus musculus	M0009	B6SJLSOD1-G93A	p30	male	L7CN63_D2	spinal cord
L7CN63_E2	PRJNA481056	Mus musculus	M0009	B6SJLSOD1-G93A	p30	male	L7CN63_E2	spinal cord
L7CN64_C1	PRJNA481056	Mus musculus	M0010	B6SJLSOD1-G93A	p30	male	L7CN64_C1	spinal cord
L7CN64_C2	PRJNA481056	Mus musculus	M0010	B6SJLSOD1-G93A	p30	male	L7CN64_C2	spinal cord
L7CN64_D1	PRJNA481056	Mus musculus	M0010	B6SJLSOD1-G93A	p30	male	L7CN64_D1	spinal cord
L7CN64_D2	PRJNA481056	Mus musculus	M0010	B6SJLSOD1-G93A	p30	male	L7CN64_D2	spinal cord
L8CN21_C1	PRJNA481056	Mus musculus	M0010	B6SJLSOD1-G93A	p30	male	L8CN21_C1	spinal cord
L8CN21_C2	PRJNA481056	Mus musculus	M0010	B6SJLSOD1-G93A	p30	male	L8CN21_C2	spinal cord
L8CN21_D1	PRJNA481056	Mus musculus	M0010	B6SJLSOD1-G93A	p30	male	L8CN21_D1	spinal cord
L8CN21_D2	PRJNA481056	Mus musculus	M0010	B6SJLSOD1-G93A	p30	male	L8CN21_D2	spinal cord
L8CN21_E2	PRJNA481056	Mus musculus	M0010	B6SJLSOD1-G93A	p30	male	L8CN21_E2	spinal cord
L8CN22_C1	PRJNA481056	Mus musculus	M0224	B6SJLSOD1-WT	p30	female	L8CN22_C1	spinal cord
L8CN22_C2	PRJNA481056	Mus musculus	M0224	B6SJLSOD1-WT	p30	female	L8CN22_C2	spinal cord
L8CN22_D1	PRJNA481056	Mus musculus	M0224	B6SJLSOD1-WT	p30	female	L8CN22_D1	spinal cord
L8CN22_D2	PRJNA481056	Mus musculus	M0224	B6SJLSOD1-WT	p30	female	L8CN22_D2	spinal cord
L8CN22_E1	PRJNA481056	Mus musculus	M0224	B6SJLSOD1-WT	p30	female	L8CN22_E1	spinal cord
